description,category
LinkedIn Learning annual subscription,Education
Medical lab test report,Healthcare
Spotify premium music streaming,Entertainment
Doctor consultation clinic fee,Healthcare
Pediatric clinic doctor fee,Healthcare
Mental health therapy session,Healthcare
Exxon Mobil gas station,Transport
Sushi restaurant dinner,Food
Walgreens drug store health check,Healthcare
Lululemon workout apparel,Shopping
Xbox Game Pass monthly sub,Entertainment
Nordstrom designer shoes,Shopping
Auto repair oil change,Transport
Target department store clothes,Shopping
Parking garage fee downtown,Transport
Local supermarket snacks,Food
Theme park admission ticket,Entertainment
H&M fashion clothes,Shopping
Diner breakfast combo,Food
School tuition fee installment,Education
Orthopedic clinic consultation,Healthcare
Piano lessons monthly fee,Education
Dental checkup and cleaning,Healthcare
City bus fare ticket,Transport
Best Buy laptop accessory,Shopping
Car wash and valet service,Transport
Hulu streaming subscription,Entertainment
Thai restaurant takeaway,Food
Bakery fresh bread,Food
Comcast internet bill subscription,Bills
Chevron petrol station fill up,Transport
Ice cream parlor,Food
Panera Bread soup and salad,Food
Barnes Noble books purchase,Shopping
Museum entrance ticket fee,Entertainment
Escape room booking ticket,Entertainment
First aid kit emergency supplies,Healthcare
IELTS language test fee,Education
Subway fare monthly pass,Transport
Dermatology clinic appointment,Healthcare
Steam store PC game purchase,Entertainment
Etsy handmade craft gift,Shopping
Hearing aid battery replacement,Healthcare
Dominos pizza delivery,Food
Mobile data recharge plan,Bills
Udemy programming course tutorial,Education
Academic journal subscription,Education
Electricity bill monthly payment,Bills
Bowling alley game night,Entertainment
Lyft fare home from airport,Transport
Tutoring center monthly fee,Education
Mortgage interest installment,Bills
Live theater show ticket,Entertainment
Macy's department store sale,Shopping
Electric vehicle charging station,Transport
Sewer utility bill payment,Bills
Supermarket fruits and vegetables,Food
Cardiology specialist checkup,Healthcare
District heating utility bill,Bills
Gap store denim jeans,Shopping
Art class materials and tuition,Education
Burger King meal deal,Food
Utilities electric and water combo,Bills
City water utility bill,Bills
Dunkin Donuts morning coffee,Food
Shell gas station fuel filling,Transport
Apartment monthly rent payment,Bills
Subway lunch combo,Food
Highway toll plaza payment,Transport
Landline telephone service bill,Bills
Apple Music monthly plan,Entertainment
Educational software license,Education
KFC fried chicken box,Food
Research paper publishing fee,Education
Board game cafe bill,Entertainment
Starbucks coffee and bagel,Food
Laboratory blood test lab fee,Healthcare
IMAX movie tickets pop corn,Entertainment
Home Depot hardware tools,Shopping
Ferry boat passenger ticket,Transport
Dental insurance bill,Bills
Metro train card recharge,Transport
Parking meter payment,Transport
CVS Pharmacy prescription medicine,Healthcare
Uber ride to downtown office,Transport
Ramen shop lunch,Food
Prescription eyeglasses store,Healthcare
Trash collection municipal service,Bills
Verizon mobile phone bill,Bills
Property tax installment payment,Bills
Airport shuttle service,Transport
Netflix monthly movie subscription,Entertainment
Solar panel monthly subscription,Bills
Twitch channel subscription,Entertainment
Library late fee fine,Education
Surgical clinic consultation,Healthcare
Public transport bus pass,Transport
Health insurance monthly premium,Bills
Urgent care clinic visit,Healthcare
GRE test exam registration fee,Education
eBay online marketplace order,Shopping
Decathlon sports gear,Shopping
Car service station maintenance,Transport
Miniature golf entry fee,Entertainment
Pharmacy vitamin supplements,Healthcare
Chiropractic adjustment fee,Healthcare
Uniqlo casual wear t-shirts,Shopping
Certificate exam voucher,Education
Nintendo eShop game sale,Entertainment
Music festival ticket pass,Entertainment
YouTube Premium subscription,Entertainment
Nike store running shoes,Shopping
Chipotle burrito bowl,Food
Coding bootcamp tuition installment,Education
Whole Foods grocery shopping,Food
STEM workshop registration fee,Education
Speedway gas station refill,Transport
BP gas station station fill,Transport
AT&T wireless service bill,Bills
Natural gas heating bill,Bills
Taxi ride to station,Transport
Uber Eats driver tip,Transport
Taco Bell dinner,Food
Bike rental hourly pass,Transport
Adidas sports shoes,Shopping
Diagnostic radiology X-ray scan,Healthcare
Audible audiobook subscription,Entertainment
Security system monthly subscription,Bills
Home insurance policy payment,Bills
Student loan monthly payment,Education
Language school tuition fee,Education
HOA monthly maintenance fee,Bills
Trader Joes organic vegetables,Food
Pizza Hut pepperoni pizza,Food
Sephora cosmetics and skincare,Shopping
University semester tuition fee,Education
Physical therapy rehab clinic,Healthcare
Food truck lunch,Food
Micro Center computer parts,Shopping
Campus bookstore textbooks purchase,Education
Vision center contact lenses,Healthcare
Vaccination clinic immunization,Healthcare
College exam fee registration,Education
Foot Locker athletic shoes,Shopping
Zara apparel and jacket,Shopping
Concert ticket venue entry,Entertainment
Amazon online purchase electronics,Shopping
High school registration fee,Education
IKEA furniture assembly items,Shopping
Car insurance premium payment,Transport
T-Mobile cell phone bill,Bills
Cafe espresso and muffin,Food
Apple Store iPad case,Shopping
Science lab lab manual textbook,Education
Eye clinic optometrist visit,Healthcare
Train ticket intercity express,Transport
Online master degree tuition,Education
McDonalds burger meal,Food
Walmart household items,Shopping
Wellness clinic wellness check,Healthcare
Hospital outpatient consultation,Healthcare
Coursera online course certificate,Education
PlayStation Network game download,Entertainment
Home broadband internet bill,Bills
Standup comedy club entry,Entertainment
Spectrum cable TV internet bill,Bills
Urban Outfitters graphic tee,Shopping
VR arcade game session,Entertainment
Training seminar registration fee,Education
Italian bistro dinner,Food
TJ Maxx discount clothing,Shopping
Disney Plus streaming service,Entertainment
Safeway food market,Food
Cloud storage monthly plan,Bills
AMC Cinema movie tickets,Entertainment
